12/31/2014,112.82,113.13,110.21,110.38,41403400,109.95
12/30/2014,113.64,113.92,112.11,112.52,29881500,112.08
12/29/2014,113.79,114.77,113.7,113.91,27598900,113.46
12/26/2014,112.1,114.52,112.01,113.99,33721000,113.54
12/24/2014,112.58,112.71,112.01,112.01,14479600,111.57
12/23/2014,113.23,113.33,112.46,112.54,26028400,112.1
12/22/2014,112.16,113.49,111.97,112.94,45167500,112.5
12/19/2014,112.26,113.24,111.66,111.78,88429800,111.34
12/18/2014,111.87,112.65,110.66,112.65,59006200,112.21
12/17/2014,107.12,109.84,106.82,109.41,53411800,108.98
12/16/2014,106.37,110.16,106.26,106.75,60790700,106.33
12/15/2014,110.7,111.6,106.35,108.23,67218100,107.8
12/12/2014,110.46,111.87,109.58,109.73,56028100,109.3
12/11/2014,112.26,113.8,111.34,111.62,41401700,111.18
12/10/2014,114.41,114.85,111.54,111.95,44565300,111.51
12/9/2014,110.19,114.3,109.35,114.12,60208000,113.67
12/8/2014,114.1,114.65,111.62,112.4,57664900,111.96
12/5/2014,115.99,116.08,114.64,115,38318900,114.55
12/4/2014,115.77,117.2,115.29,115.49,42044500,115.04
12/3/2014,115.75,116.35,115.11,115.93,43063400,115.47
12/2/2014,113.5,115.75,112.75,114.63,59075100,114.18
12/1/2014,118.81,119.25,111.27,115.07,83814000,114.62
11/28/2014,119.27,119.4,118.05,118.93,24814400,118.46
11/26/2014,117.94,119.1,117.83,119,40768300,118.53
11/25/2014,119.07,119.75,117.45,117.6,68840400,117.14
11/24/2014,116.85,118.77,116.62,118.63,47450800,118.16
11/21/2014,117.51,117.57,116.03,116.47,57179300,116.01
11/20/2014,114.91,116.86,114.85,116.31,43395500,115.85
11/19/2014,115.44,115.74,113.8,114.67,41869200,114.22
11/18/2014,113.94,115.69,113.89,115.47,44224000,115.02
11/17/2014,114.27,117.28,113.3,113.99,46746700,113.54
11/14/2014,113.15,114.19,113.05,114.18,44063600,113.73
11/13/2014,111.8,113.45,111.6,112.82,59522900,112.38
11/12/2014,109.38,111.43,109.37,111.25,46942400,110.81
11/11/2014,108.7,109.75,108.4,109.7,27442300,109.27
11/10/2014,109.02,109.33,108.67,108.83,27195500,108.4
11/7/2014,108.75,109.32,108.55,109.01,33691500,108.58
11/6/2014,108.6,108.79,107.8,108.7,34968500,108.27
11/5/2014,109.1,109.3,108.13,108.86,37435900,107.96
11/4/2014,109.36,109.49,107.72,108.6,41574400,107.71
11/3/2014,108.22,110.3,108.01,109.4,52282600,108.5
10/31/2014,108.01,108.04,107.21,108,44639300,107.11
10/30/2014,106.96,107.35,105.9,106.98,40654800,106.1
10/29/2014,106.65,107.37,106.36,107.34,52687900,106.46
10/28/2014,105.4,106.74,105.35,106.74,47939900,105.86
10/27/2014,104.85,105.48,104.7,105.11,34187700,104.24
10/24/2014,105.18,105.49,104.53,105.22,47053900,104.35
10/23/2014,104.08,105.05,103.63,104.83,71074700,103.97
10/22/2014,102.84,104.11,102.6,102.99,68263100,102.14
10/21/2014,103.02,103.02,101.27,102.47,94623900,101.63
10/20/2014,98.32,99.96,98.22,99.76,77517300,98.94
10/17/2014,97.5,99,96.81,97.67,68179700,96.87
10/16/2014,95.55,97.72,95.41,96.26,72154500,95.47
10/15/2014,97.97,99.15,95.18,97.54,100933600,96.74
10/14/2014,100.39,100.52,98.57,98.75,63688600,97.94
10/13/2014,101.33,101.78,99.81,99.81,53583400,98.99
10/10/2014,100.69,102.03,100.3,100.73,66331600,99.9
10/9/2014,101.54,102.38,100.61,101.02,77376500,100.19
10/8/2014,98.76,101.11,98.31,100.8,57404700,99.97
10/7/2014,99.43,100.12,98.73,98.75,42094200,97.94
10/6/2014,99.95,100.65,99.42,99.62,37051200,98.8
10/3/2014,99.44,100.21,99.04,99.62,43469600,98.8
10/2/2014,99.27,100.22,98.04,99.9,47757800,99.08
10/1/2014,100.59,100.69,98.7,99.18,51491300,98.36
9/30/2014,100.81,101.54,100.53,100.75,55264100,99.92
9/29/2014,98.65,100.44,98.63,100.11,49766300,99.29
9/26/2014,98.53,100.75,98.4,100.75,62370500,99.92
9/25/2014,100.51,100.71,97.72,97.87,100092000,97.06
9/24/2014,102.16,102.85,101.2,101.75,60171800,100.91
9/23/2014,100.6,102.94,100.54,102.64,63402200,101.8
9/22/2014,101.8,102.14,100.58,101.06,52788400,100.23
9/19/2014,102.29,102.35,100.5,100.96,70902400,100.13
9/18/2014,101.93,102.35,101.56,101.79,37299400,100.95
9/17/2014,101.27,101.8,100.59,101.58,60926500,100.74
9/16/2014,99.8,101.26,98.89,100.86,66908100,100.03
9/15/2014,102.81,103.05,101.44,101.63,61316500,100.79
9/12/2014,101.21,102.19,101.08,101.66,64096900,100.82
9/11/2014,100.41,101.44,99.62,101.43,62353100,100.6
9/10/2014,98.01,101.11,97.76,101,100869600,100.17
9/9/2014,99.08,103.08,96.14,97.99,189846300,97.18
9/8/2014,99.3,99.31,98.05,98.36,46356700,97.55
9/5/2014,98.8,99.39,98.31,98.97,58457000,98.16
9/4/2014,98.85,100.09,97.79,98.12,85718000,97.31
9/3/2014,103.1,103.2,98.58,98.94,125421000,98.13
9/2/2014,103.06,103.74,102.72,103.3,53564000,102.45
8/29/2014,102.86,102.9,102.2,102.5,44595000,101.66
8/28/2014,101.59,102.78,101.56,102.25,68460000,101.41
8/27/2014,101.02,102.57,100.7,102.13,52369000,101.29
8/26/2014,101.42,101.5,100.86,100.89,33152000,100.06
8/25/2014,101.79,102.17,101.28,101.54,40270000,100.7
8/22/2014,100.29,101.47,100.19,101.32,44184000,100.49
8/21/2014,100.57,100.94,100.11,100.58,33478000,99.75
8/20/2014,100.44,101.09,99.95,100.57,52699000,99.74
8/19/2014,99.41,100.68,99.32,100.53,69399000,99.7
8/18/2014,98.49,99.37,97.98,99.16,47572000,98.34
8/15/2014,97.9,98.19,96.86,97.98,48951000,97.17
8/14/2014,97.33,97.57,96.8,97.5,28116000,96.7
8/13/2014,96.15,97.24,96.04,97.24,31916000,96.44
8/12/2014,96.04,96.88,95.61,95.97,33795000,95.18
8/11/2014,95.27,96.08,94.84,95.99,36585000,95.2
8/8/2014,94.26,94.82,93.28,94.74,41865000,93.96
8/7/2014,94.93,95.95,94.1,94.48,46711000,93.7
8/6/2014,94.75,95.48,94.71,94.96,38558000,93.71
8/5/2014,95.36,95.68,94.36,95.12,55933000,93.87
8/4/2014,96.37,96.58,95.17,95.59,39958000,94.33
8/1/2014,94.9,96.62,94.81,96.13,48511000,94.87
7/31/2014,97.16,97.45,95.33,95.6,56843000,94.34
7/30/2014,98.44,98.7,97.67,98.15,33010000,96.86
7/29/2014,99.33,99.44,98.25,98.38,43143000,97.09
7/28/2014,97.82,99.24,97.55,99.02,55318000,97.72
7/25/2014,96.85,97.84,96.64,97.67,43469000,96.39
7/24/2014,97.04,97.32,96.42,97.03,45729000,95.75
7/23/2014,95.42,97.88,95.17,97.19,92918000,95.91
7/22/2014,94.68,94.89,94.12,94.72,55197000,93.48
7/21/2014,94.99,95,93.72,93.94,39079000,92.71
7/18/2014,93.62,94.74,93.02,94.43,49988000,93.19
7/17/2014,95.03,95.28,92.57,93.09,57298000,91.87
7/16/2014,96.97,97.1,94.74,94.78,53502000,93.53
7/15/2014,96.8,96.85,95.03,95.32,45477900,94.07
7/14/2014,95.86,96.89,95.65,96.45,42810000,95.18
7/11/2014,95.36,95.89,94.86,95.22,34018000,93.97
7/10/2014,93.76,95.55,93.52,95.04,39686000,93.79
7/9/2014,95.44,95.95,94.76,95.39,36436000,94.14
7/8/2014,96.27,96.8,93.92,95.35,65222000,94.1
7/7/2014,94.14,95.99,94.1,95.97,56468000,94.71
7/3/2014,93.67,94.1,93.2,94.03,22891800,92.79
7/2/2014,93.87,94.06,93.09,93.48,28465000,92.25
7/1/2014,93.52,94.07,93.13,93.52,38223000,92.29
6/30/2014,92.1,93.73,92.09,92.93,49589000,91.71
6/27/2014,90.82,92,90.77,91.98,64029000,90.77
6/26/2014,90.37,91.05,89.8,90.9,32629000,89.71
6/25/2014,90.21,90.7,89.65,90.36,36869000,89.17
6/24/2014,90.75,91.74,90.19,90.28,39036000,89.09
6/23/2014,91.32,91.62,90.6,90.83,43694000,89.64
6/20/2014,91.85,92.55,90.9,90.91,100898000,89.72
6/19/2014,92.29,92.3,91.34,91.86,35528000,90.65
6/18/2014,92.27,92.29,91.35,92.18,33514000,90.97
6/17/2014,92.31,92.7,91.8,92.08,29726000,90.87
6/16/2014,91.51,92.75,91.45,92.2,35561000,90.99
6/13/2014,92.2,92.44,90.88,91.28,54525000,90.08
6/12/2014,94.04,94.12,91.9,92.29,54749000,91.08
6/11/2014,94.13,94.76,93.47,93.86,45681000,92.63
6/10/2014,94.73,95.05,93.57,94.25,62777000,93.01
6/9/2014,92.7,93.88,91.75,93.7,75415000,92.47
6/6/2014,649.9,651.26,644.47,645.57,87484600,91.01
6/5/2014,646.2,649.37,642.61,647.35,75951400,91.26
6/4/2014,637.44,647.89,636.11,644.82,83870500,90.91
6/3/2014,628.46,638.74,628.25,637.54,73177300,89.88
6/2/2014,633.96,634.83,622.5,628.65,92337700,88.63
5/30/2014,637.98,644.17,628.9,633,141005200,89.24
5/29/2014,627.85,636.87,627.77,635.38,94118500,89.58
5/28/2014,626.02,629.83,623.78,624.01,78870400,87.97
5/27/2014,615.88,625.86,615.63,625.63,87216500,88.2
5/23/2014,607.25,614.73,606.47,614.13,58052400,86.58
5/22/2014,606.6,609.85,604.1,607.27,50190000,85.61
5/21/2014,603.83,606.7,602.06,606.31,49214900,85.48
5/20/2014,604.51,606.4,600.73,604.71,58709000,85.25
5/19/2014,597.85,607.33,597.33,604.59,79438800,85.24
5/16/2014,588.63,597.53,585.4,597.51,69064100,84.24
5/15/2014,594.7,596.6,588.04,588.82,57711500,83.01
5/14/2014,592.43,597.4,591.74,593.87,41601000,83.72
5/13/2014,592,594.54,590.7,593.76,39934300,83.71
5/12/2014,587.49,593.66,587.4,592.83,53302200,83.58
5/9/2014,584.54,586.25,580.33,585.54,72899400,82.55
5/8/2014,588.25,594.41,586.4,587.99,57574300,82.89
5/7/2014,595.25,597.29,587.73,592.33,70716100,83.04
5/6/2014,601.8,604.41,594.41,594.41,93641100,83.33
5/5/2014,590.14,601,590,600.96,71766800,84.25
5/2/2014,592.34,594.2,589.71,592.58,47878600,83.08
5/1/2014,592,594.8,586.36,591.48,61012000,82.92
4/30/2014,592.64,599.43,589.8,590.09,114160200,82.73
4/29/2014,593.74,595.98,589.51,592.33,84344400,83.04
4/28/2014,572.8,595.75,572.55,594.09,167371400,83.29
4/25/2014,564.53,571.99,563.96,571.94,97568800,80.18
4/24/2014,568.21,570,560.73,567.77,189977900,79.6
4/23/2014,529.06,531.13,524.45,524.75,98735000,73.57
4/22/2014,528.31,531.83,526.5,531.7,50640800,74.54
4/21/2014,525.34,532.14,523.96,531.17,45637200,74.47
4/17/2014,520,527.76,519.2,524.94,71083600,73.59
4/16/2014,518.05,521.09,514.14,519.01,53691400,72.76
4/15/2014,520.27,521.64,511.33,517.96,66622500,72.62
4/14/2014,521.9,522.16,517.21,521.68,51418500,73.14
4/11/2014,519,522.83,517.14,519.61,67929400,72.85
4/10/2014,530.68,532.24,523.17,523.48,59913000,73.39
4/9/2014,522.64,530.49,522.02,530.32,51542400,74.35
4/8/2014,525.19,526.12,518.7,523.44,60972100,73.38
4/7/2014,528.02,530.9,521.89,523.47,72462600,73.39
4/4/2014,539.81,540,530.58,531.82,68812800,74.56
4/3/2014,541.39,542.5,537.64,538.79,40586000,75.54
4/2/2014,542.38,543.48,540.26,542.55,45105200,76.06
4/1/2014,537.76,541.87,536.77,541.65,50190000,75.94
3/31/2014,539.23,540.81,535.93,536.74,42167300,75.25
3/28/2014,538.32,538.94,534.25,536.86,50141000,75.27
3/27/2014,540.02,541.5,535.12,537.46,55507900,75.35
3/26/2014,546.52,549,538.86,539.78,74942000,75.68
3/25/2014,541.5,545.75,539.59,544.99,70573300,76.41
3/24/2014,538.42,540.5,535.06,539.19,88925200,75.59
3/21/2014,531.93,533.75,526.33,532.87,93511600,74.71
3/20/2014,529.89,532.67,527.35,528.7,52099600,74.12
3/19/2014,532.26,536.24,529,531.26,56189000,74.48
3/18/2014,525.9,531.97,525.2,531.4,52411800,74.5
3/17/2014,527.7,529.97,525.85,526.74,49886200,73.85
3/14/2014,528.79,530.89,523,524.69,59299800,73.56
3/13/2014,537.44,539.66,529.16,530.65,64435700,74.4
3/12/2014,534.51,537.35,532,536.61,49831600,75.23
3/11/2014,535.45,538.74,532.59,536.09,69806100,75.16
3/10/2014,528.36,533.33,528.34,530.92,44646000,74.43
3/7/2014,531.09,531.98,526.05,530.44,55182400,74.37
3/6/2014,532.79,534.44,528.1,530.75,46372200,74.41
3/5/2014,530.92,534.75,529.13,532.36,50015700,74.64
3/4/2014,531,532.64,527.77,531.24,64785000,74.48
3/3/2014,523.42,530.65,522.81,527.76,59695300,73.99
2/28/2014,529.08,532.75,522.12,526.24,92992200,73.78
2/27/2014,517.14,528.78,516.05,527.67,75470500,73.98
2/26/2014,523.61,525,515.6,517.35,69054300,72.53
2/25/2014,529.38,529.57,521,522.06,57988000,73.19
2/24/2014,523.15,529.92,522.42,527.55,72227400,73.96
2/21/2014,532.79,534.57,524.6,525.25,69696200,73.64
2/20/2014,532.99,537,529,531.15,76464500,74.47
2/19/2014,544.75,546.89,534.35,537.37,78442000,75.34
2/18/2014,546,551.19,545.61,545.99,65062900,76.55
2/14/2014,542.47,545.98,541.21,543.99,68231100,76.27
2/13/2014,534.66,544.85,534.2,544.43,76849500,76.33
2/12/2014,536.95,539.56,533.24,535.92,77025200,75.13
2/11/2014,530.61,537.75,529.5,535.96,70564200,75.14
2/10/2014,518.66,531.99,518,528.99,86389800,74.16
2/7/2014,521.38,522.93,517.38,519.68,92570100,72.86
2/6/2014,510.06,513.5,507.81,512.51,64441300,71.85
2/5/2014,506.56,515.28,506.25,512.59,82086200,71.44
2/4/2014,505.85,509.46,502.76,508.79,94170300,70.91
2/3/2014,502.61,507.73,499.3,501.53,100366000,69.89
1/31/2014,495.18,501.53,493.55,500.6,116199300,69.76
1/30/2014,502.54,506.5,496.7,499.78,169625400,69.65
1/29/2014,503.95,507.37,498.62,500.75,125702500,69.79
1/28/2014,508.76,515,502.07,506.5,266380800,70.59
1/27/2014,550.07,554.8,545.75,550.5,138719700,76.72
1/24/2014,554,555.62,544.75,546.07,107338700,76.1
1/23/2014,549.94,556.5,544.81,556.18,100809800,77.51
1/22/2014,550.91,557.29,547.81,551.51,94996300,76.86
1/21/2014,540.99,550.07,540.42,549.07,82131700,76.52
1/17/2014,551.48,552.07,539.9,540.67,106684900,75.35
1/16/2014,554.9,556.85,551.68,554.25,57319500,77.24
1/15/2014,553.52,560.2,551.66,557.36,97909700,77.68
1/14/2014,538.22,546.73,537.66,546.39,83140400,76.15
1/13/2014,529.91,542.5,529.88,535.73,94623200,74.66
1/10/2014,539.83,540.8,531.11,532.94,76244000,74.27
1/9/2014,546.8,546.86,535.35,536.52,69787200,74.77
1/8/2014,538.81,545.56,538.69,543.46,64632400,75.74
1/7/2014,544.32,545.96,537.92,540.04,79302300,75.26
1/6/2014,537.45,546.8,533.6,543.93,103152700,75.8
1/3/2014,552.86,553.7,540.43,540.98,98116900,75.39
1/2/2014,555.68,557.03,552.02,553.13,58671200,77.09
12/31/2013,554.17,561.28,554,561.02,55771100,78.19
12/30/2013,557.46,560.09,552.32,554.52,63407400,77.28
12/27/2013,563.82,564.41,559.5,560.09,56471100,78.06
12/26/2013,568.1,569.5,563.38,563.9,51002000,78.59
12/24/2013,569.89,571.88,566.03,567.67,41888700,79.11
12/23/2013,568,570.72,562.76,570.09,125326600,79.45
12/20/2013,545.43,551.61,544.82,549.02,109103400,76.51
12/19/2013,549.5,550,543.73,544.46,80077200,75.88
12/18/2013,549.7,551.45,538.8,550.77,141465800,76.76
12/17/2013,555.81,559.44,553.38,554.99,57475600,77.34
12/16/2013,555.02,562.64,555.01,557.5,70648200,77.69
12/13/2013,562.85,562.88,553.67,554.43,83205500,77.27
12/12/2013,562.14,565.34,560.03,560.54,65572500,78.12
12/11/2013,567,570.97,559.69,561.36,89929700,78.23
12/10/2013,563.58,567.88,561.2,565.55,69567400,78.82
12/9/2013,560.9,569.58,560.9,566.43,80123400,78.94
12/6/2013,565.79,566.75,559.57,560.02,86088100,78.05
12/5/2013,572.65,575.14,566.41,567.9,111895000,79.14
12/4/2013,565.5,569.19,560.82,565,94452400,78.74
12/3/2013,558.3,566.38,557.68,566.32,112742000,78.92
12/2/2013,558,564.33,550.82,551.23,118136200,76.82
11/29/2013,549.48,558.33,547.81,556.07,79531900,77.5
11/27/2013,536.31,546,533.4,545.96,90862100,76.09
11/26/2013,524.12,536.14,524,533.4,100345700,74.34
11/25/2013,521.02,525.87,521,523.74,57327900,72.99
11/22/2013,519.52,522.16,518.53,519.8,55931400,72.44
11/21/2013,517.6,521.21,513.67,521.14,65506700,72.63
11/20/2013,519.23,520.42,514.33,515,48479200,71.77
11/19/2013,519.03,523.38,517.97,519.55,52234700,72.41
11/18/2013,524.99,527.19,518.2,518.63,61236000,72.28
11/15/2013,526.58,529.09,524.49,524.99,79480100,73.16
11/14/2013,522.81,529.28,521.87,528.16,70604800,73.61
11/13/2013,518,522.25,516.96,520.63,49305200,72.56
11/12/2013,517.67,523.92,517,520.01,51069200,72.47
11/11/2013,519.99,521.67,514.41,519.05,56863100,72.34
11/8/2013,514.58,521.13,512.59,520.56,69829200,72.55
11/7/2013,519.58,523.19,512.38,512.49,65655100,71.42
11/6/2013,524.15,524.86,518.2,520.92,55843900,72.6
11/5/2013,524.58,528.89,523,525.45,66303300,72.8
11/4/2013,521.1,526.82,518.81,526.75,61156900,72.98
11/1/2013,524.02,524.8,515.84,520.03,68722500,72.05
10/31/2013,525,527.49,521.27,522.7,68924100,72.42
10/30/2013,519.61,527.52,517.02,524.9,88540900,72.73
10/29/2013,536.27,539.25,514.54,516.68,158951800,71.59
10/28/2013,529.04,531,523.21,529.88,137610200,73.42
10/25/2013,531.32,533.23,525.11,525.96,84448000,72.87
10/24/2013,525,532.47,522.45,531.91,96191200,73.7
10/23/2013,519,525.67,519,524.96,78430800,72.74
10/22/2013,526.41,528.45,508.03,519.87,133515900,72.03
10/21/2013,511.77,524.3,511.52,521.36,99526700,72.24
10/18/2013,505.99,509.26,505.71,508.89,72635500,70.51
10/17/2013,499.98,504.78,499.68,504.5,63398300,69.9
10/16/2013,500.79,502.53,499.23,501.11,62775300,69.43
10/15/2013,497.51,502,495.52,498.68,80018400,69.09
10/14/2013,489.83,497.58,489.35,496.04,65474500,68.73
10/11/2013,486.99,493.84,485.16,492.81,66934700,68.28
10/10/2013,491.32,492.38,487.04,489.64,69650700,67.84
10/9/2013,484.64,487.79,478.28,486.59,75431300,67.42
10/8/2013,489.94,490.64,480.54,480.94,72729300,66.64
10/7/2013,486.56,492.65,485.35,487.75,78073100,67.58
10/4/2013,483.86,484.6,478.6,483.03,64717100,66.93
10/3/2013,490.51,492.35,480.74,483.41,80688300,66.98
10/2/2013,485.63,491.8,483.75,489.56,72296000,67.83
10/1/2013,478.45,489.14,478.38,487.96,88470900,67.61
9/30/2013,477.25,481.66,474.41,476.75,65039100,66.06
9/27/2013,483.78,484.67,480.72,482.75,57010100,66.89
9/26/2013,486,488.56,483.9,486.22,59305400,67.37
9/25/2013,489.2,489.64,481.43,481.53,79239300,66.72
9/24/2013,494.88,495.47,487.82,489.1,91086100,67.77
9/23/2013,496.1,496.91,482.6,490.64,190526700,67.98
9/20/2013,478,478.55,466,467.41,174825700,64.76
9/19/2013,470.7,475.83,469.25,472.3,101135300,65.44
9/18/2013,463.18,466.35,460.66,464.68,114215500,64.38
9/17/2013,447.96,459.71,447.5,455.32,99845200,63.09
9/16/2013,461,461.61,447.22,450.12,135926700,62.37
9/13/2013,469.34,471.83,464.7,464.9,74708900,64.41
9/12/2013,468.5,475.4,466.01,472.69,101012800,65.49
9/11/2013,467.01,473.69,464.81,467.71,224674100,64.8
9/10/2013,506.2,507.45,489.5,494.64,185798900,68.53
9/9/2013,505,507.92,503.48,506.17,85171800,70.13
9/6/2013,498.44,499.38,489.95,498.22,89881400,69.03
9/5/2013,500.25,500.68,493.64,495.27,59091900,68.62
9/4/2013,499.56,502.24,496.28,498.69,86258200,69.1
9/3/2013,493.1,500.6,487.35,488.58,82982200,67.69
8/30/2013,492,492.95,486.5,487.22,68074300,67.51
8/29/2013,491.65,496.5,491.13,491.7,59914400,68.13
8/28/2013,486,495.8,486,490.9,76902000,68.02
8/27/2013,498,502.51,486.3,488.59,106047200,67.7
8/26/2013,500.75,510.2,500.5,502.97,82741400,69.69
8/23/2013,503.27,503.35,499.35,501.02,55682900,69.42
8/22/2013,504.98,505.59,498.2,502.96,61051900,69.69
8/21/2013,503.59,507.15,501.2,502.36,83969900,69.6
8/20/2013,509.71,510.57,500.82,501.07,89672100,69.43
8/19/2013,504.34,513.74,504,507.74,127629600,70.35
8/16/2013,500.15,502.94,498.86,502.33,90576500,69.6
8/15/2013,496.42,502.4,489.08,497.91,122573500,68.99
8/14/2013,497.88,504.25,493.4,498.5,189093100,69.07
8/13/2013,470.94,494.66,468.05,489.57,220485300,67.83
8/12/2013,456.86,468.65,456.63,467.36,91108500,64.75
8/9/2013,458.64,460.46,453.65,454.45,66716300,62.97
8/8/2013,463.86,464.1,457.95,461.01,63944300,63.87
8/7/2013,463.8,467,461.77,464.98,74714500,64
8/6/2013,468.02,471.89,462.17,465.25,83714400,64.04
8/5/2013,464.69,470.67,462.15,469.45,79713900,64.62
8/2/2013,458.01,462.85,456.66,462.54,68695900,63.67
8/1/2013,455.75,456.8,453.26,456.68,51562700,62.86
7/31/2013,454.99,457.34,449.43,452.53,80739400,62.29
7/30/2013,449.96,457.15,449.23,453.32,77355600,62.4
7/29/2013,440.8,449.99,440.2,447.79,62014400,61.64
7/26/2013,435.3,441.04,434.34,440.99,50038100,60.7
7/25/2013,440.7,441.4,435.81,438.5,57373400,60.36
7/24/2013,438.93,444.59,435.26,440.51,147984200,60.63
7/23/2013,426,426.96,418.71,418.99,92348900,57.67
7/22/2013,429.46,429.75,425.47,426.31,51949100,58.68
7/19/2013,433.1,433.98,424.35,424.95,67180400,58.49
7/18/2013,433.38,434.87,430.61,431.76,54719700,59.43
7/17/2013,429.7,432.22,428.22,430.31,49747600,59.23
7/16/2013,426.52,430.71,424.17,430.2,54134500,59.21
7/15/2013,425.01,431.46,424.8,427.44,60479300,58.83
7/12/2013,427.65,429.79,423.41,426.51,69890800,58.71
7/11/2013,422.95,428.25,421.17,427.29,81573100,58.81
7/10/2013,419.6,424.8,418.25,420.73,70351400,57.91
7/9/2013,413.6,423.5,410.38,422.35,88146100,58.13
7/8/2013,420.11,421,410.65,415.05,74534600,57.13
7/5/2013,420.39,423.29,415.35,417.42,68506200,57.46
7/3/2013,420.86,422.98,417.45,420.8,60232200,57.92
7/2/2013,409.96,421.63,409.47,418.49,117466300,57.6
7/1/2013,402.69,412.27,401.22,409.22,97763400,56.33
6/28/2013,391.36,400.27,388.87,396.53,144629100,54.58
6/27/2013,399.25,401.39,393.54,393.78,84311500,54.2
6/26/2013,403.9,404.79,395.66,398.07,91931000,54.79
6/25/2013,405.7,407.79,398.83,402.63,78540700,55.42
6/24/2013,407.4,408.66,398.05,402.54,120186500,55.41
6/21/2013,418.49,420,408.1,413.5,120279600,56.92
6/20/2013,419.3,425.98,415.17,416.84,89327700,57.38
6/19/2013,431.4,431.66,423,423,77735000,58.22
6/18/2013,431.56,434.9,430.21,431.77,48756400,59.43
6/17/2013,431.44,435.7,430.36,432,64853600,59.46
6/14/2013,435.4,436.29,428.5,430.05,67966500,59.19
6/13/2013,432.5,437.14,428.75,435.96,71458100,60.01
6/12/2013,439.5,441.25,431.5,432.19,66306800,59.49
6/11/2013,435.74,442.76,433.32,437.6,71528100,60.23
6/10/2013,444.73,449.08,436.8,438.89,112538300,60.41
6/7/2013,436.5,443.24,432.77,441.81,101133900,60.81
6/6/2013,445.47,447,434.05,438.46,104233500,60.35
6/5/2013,445.65,450.72,443.71,445.11,72647400,61.27
6/4/2013,453.22,454.43,447.39,449.31,73182200,61.85
6/3/2013,450.73,452.36,442.48,450.72,93088100,62.04
5/31/2013,452.5,457.1,449.5,449.73,96075700,61.9
5/30/2013,445.65,454.5,444.51,451.58,88379900,62.16
5/29/2013,440,447.5,439.4,444.95,82644100,61.25
5/28/2013,449.9,451.11,440.85,441.44,96536300,60.76
5/24/2013,440.85,445.66,440.36,445.15,69041700,61.27
5/23/2013,435.95,446.16,435.79,442.14,88255300,60.86
5/22/2013,444.05,448.35,438.22,441.35,110759600,60.75
5/21/2013,438.15,445.48,434.2,439.66,114005500,60.52
5/20/2013,431.91,445.8,430.1,442.93,112894600,60.97
5/17/2013,439.05,440.09,431.01,433.26,106976100,59.64
5/16/2013,423.24,437.85,418.9,434.58,150801000,59.82
5/15/2013,439.16,441,422.36,428.85,185403400,59.03
5/14/2013,453.85,455.2,442.15,443.86,111779500,61.1
5/13/2013,451.51,457.9,451.5,454.74,79237200,62.59
5/10/2013,457.97,459.71,450.48,452.97,83713000,62.35
5/9/2013,459.81,463,455.58,456.77,99621900,62.87
5/8/2013,459.04,465.37,455.81,463.84,118149500,63.43
5/7/2013,464.97,465.75,453.7,458.66,120938300,62.72
5/6/2013,455.71,462.2,454.31,460.71,124160400,63
5/3/2013,451.31,453.23,449.15,449.98,90325200,61.53
5/2/2013,441.78,448.59,440.63,445.52,105457100,60.92
5/1/2013,444.46,444.93,434.39,439.29,126727300,60.07
4/30/2013,435.1,445.25,432.07,442.78,172884600,60.55
4/29/2013,420.45,433.62,420,430.12,160081600,58.81
4/26/2013,409.81,418.77,408.25,417.2,191024400,57.05
4/25/2013,411.23,413.94,407,408.38,96209400,55.84
4/24/2013,393.54,415.25,392.5,405.46,242412800,55.44
4/23/2013,403.99,408.38,398.81,406.13,166059600,55.53
4/22/2013,392.64,402.2,391.27,398.67,107480100,54.51
4/19/2013,387.97,399.6,385.1,390.53,152318600,53.4
4/18/2013,404.99,405.79,389.74,392.05,166574800,53.61
4/17/2013,420.27,420.6,398.11,402.8,236264000,55.08
4/16/2013,421.57,426.61,420.57,426.24,76442800,58.28
4/15/2013,427,427.89,419.55,419.85,79380000,57.41
4/12/2013,434.15,434.15,429.09,429.8,59653300,58.77
4/11/2013,433.72,437.99,431.2,434.33,82091100,59.39
4/10/2013,428.1,437.06,426.01,435.69,93982000,59.58
4/9/2013,426.36,428.5,422.75,426.98,76653500,58.39
4/8/2013,424.85,427.5,422.49,426.21,75207300,58.28
4/5/2013,424.5,424.95,419.68,423.2,95923800,57.87
4/4/2013,433.76,435,425.25,427.72,89611900,58.49
4/3/2013,431.37,437.28,430.31,431.99,90804000,59.07
4/2/2013,427.6,438.14,426.4,429.79,132379800,58.77
4/1/2013,441.9,443.7,427.74,428.91,97433000,58.65
3/28/2013,449.82,451.82,441.62,442.66,110709900,60.53
3/27/2013,456.46,456.8,450.73,452.08,82809300,61.82
3/26/2013,465.44,465.84,460.53,461.14,73573500,63.06
3/25/2013,464.69,469.95,461.78,463.58,125283900,63.39
3/22/2013,454.58,462.1,453.11,461.91,98776300,63.16
3/21/2013,450.22,457.98,450.1,452.73,95813900,61.91
3/20/2013,457.42,457.63,449.59,452.08,77165200,61.82
3/19/2013,459.5,460.97,448.5,454.49,131693800,62.15
3/18/2013,441.45,457.46,441.2,455.72,151549300,62.32
3/15/2013,437.93,444.23,437.25,443.66,160990200,60.67
3/14/2013,432.83,434.64,430.45,432.5,75968900,59.14
3/13/2013,428.45,434.5,425.36,428.35,101387300,58.57
3/12/2013,435.6,438.88,427.57,428.43,116477900,58.58
3/11/2013,429.75,439.01,425.14,437.87,118559000,59.87
3/8/2013,429.8,435.43,428.61,431.72,97870500,59.03
3/7/2013,424.5,432.01,421.06,430.58,117118400,58.88
3/6/2013,434.51,435.25,424.43,425.66,115062500,58.2
3/5/2013,421.48,435.19,420.75,431.14,159608400,58.95
3/4/2013,427.8,428.2,419,420.05,145688900,57.44
3/1/2013,438,438.18,429.98,430.47,138112100,58.86
2/28/2013,444.05,447.87,441.4,441.4,80628800,60.36
2/27/2013,448.43,452.44,440.65,444.57,146837600,60.79
2/26/2013,443.82,451.54,437.66,448.97,125374900,61.39
2/25/2013,453.85,455.12,442.57,442.8,93144800,60.55
2/22/2013,449.25,451.6,446.6,450.81,82663700,61.64
2/21/2013,446,449.17,442.82,446.06,111795600,60.99
2/20/2013,457.69,457.69,448.8,448.85,119075600,61.38
2/19/2013,461.1,462.73,453.85,459.99,108945900,62.9
2/15/2013,468.85,470.16,459.92,460.16,97936300,62.92
2/14/2013,464.52,471.64,464.02,466.59,88818800,63.8
2/13/2013,467.21,473.64,463.22,467.01,118801900,63.86
2/12/2013,479.51,482.38,467.74,467.9,152263300,63.98
2/11/2013,476.5,484.94,473.25,479.93,129372600,65.63
2/8/2013,474,478.81,468.25,474.98,158289600,64.95
2/7/2013,463.25,470,454.12,468.22,176145200,64.02
2/6/2013,456.47,466.5,452.58,457.35,148426600,62.18
2/5/2013,444.05,459.74,442.22,457.84,143336900,62.24
2/4/2013,453.91,455.94,442,442.32,119279300,60.13
2/1/2013,459.11,459.48,448.35,453.62,134871100,61.67
1/31/2013,456.98,459.28,454.98,455.49,79833600,61.92
1/30/2013,457,462.6,454.5,456.83,104288800,62.1
1/29/2013,458.5,460.2,452.12,458.27,142789500,62.3
1/28/2013,437.83,453.21,435.86,449.83,196379400,61.15
1/25/2013,451.69,456.23,435,439.88,302006600,59.8
1/24/2013,460,465.73,450.25,450.5,365213100,61.24
1/23/2013,508.81,514.99,504.77,514.01,215377400,69.88
1/22/2013,504.56,507.88,496.63,504.77,115386600,68.62
1/18/2013,498.52,502.22,496.4,500,118230700,67.97
1/17/2013,510.31,510.75,502.03,502.68,113419600,68.34
1/16/2013,494.64,509.44,492.5,506.09,172701200,68.8
1/15/2013,498.3,498.99,483.38,485.92,219193100,66.06
1/14/2013,502.68,507.5,498.51,501.75,183551900,68.21
1/11/2013,521,525.32,519.02,520.3,87626700,70.73
1/10/2013,528.55,528.72,515.52,523.51,150286500,71.17
1/9/2013,522.5,525.01,515.99,517.1,101901100,70.3
1/8/2013,529.21,531.89,521.25,525.31,114676800,71.41
1/7/2013,522,529.3,515.2,523.9,121039100,71.22
1/4/2013,536.97,538.63,525.83,527,148583400,71.64
1/3/2013,547.88,549.67,541,542.1,88241300,73.7
1/2/2013,553.82,555,541.63,549.03,140129500,74.64
12/31/2012,510.53,535.4,509,532.17,164873100,72.35
12/28/2012,510.29,514.48,508.12,509.59,88569600,69.28
12/27/2012,513.54,516.25,504.66,515.06,113780100,70.02
12/26/2012,519,519.46,511.12,513,75609100,69.74
12/24/2012,520.35,524.25,518.71,520.17,43938300,70.72
12/21/2012,512.47,519.67,510.24,519.33,149067100,70.6
12/20/2012,530,530.2,518.88,521.73,120422400,70.93
12/19/2012,531.47,533.7,525.5,526.31,112342300,71.55
12/18/2012,525,534.9,520.25,533.9,156421300,72.58
12/17/2012,508.93,520,501.23,518.83,189401800,70.53
12/14/2012,514.75,518.13,505.58,509.79,252394800,69.3
12/13/2012,531.15,537.64,525.8,529.69,156314900,72.01
12/12/2012,547.77,548,536.27,539,121786000,73.28
12/11/2012,539.77,549.56,537.37,541.39,148086400,73.6
12/10/2012,525,538.51,521.58,529.82,157621100,72.03
12/7/2012,553.4,555.2,530,533.25,196760200,72.49
12/6/2012,528.94,553.31,518.63,547.24,294303100,74.4
12/5/2012,568.91,569.25,538.77,538.79,261159500,73.25
12/4/2012,581.8,581.8,572.13,575.85,139267100,78.29
12/3/2012,593.65,594.59,585.5,586.19,91070000,79.69
11/30/2012,586.79,588.4,582.68,585.28,97829900,79.57
11/29/2012,590.22,594.25,585.25,589.36,128674700,80.12
11/28/2012,577.27,585.8,572.26,582.94,130216100,79.25
11/27/2012,589.55,590.42,580.1,584.78,133332500,79.5
11/26/2012,575.9,590,573.71,589.53,157644900,80.15
11/23/2012,567.17,572,562.6,571.5,68206600,77.69
11/21/2012,564.25,567.37,556.6,561.7,93250500,76.36
11/20/2012,571.91,571.95,554.58,560.91,160688500,76.25
11/19/2012,540.71,567.5,539.88,565.73,205829400,76.91
11/16/2012,525.2,530,505.75,527.68,316723400,71.74
11/15/2012,537.53,539.5,522.62,525.62,197477700,71.46
11/14/2012,545.5,547.45,536.18,536.88,119292600,72.99
11/13/2012,538.91,550.48,536.36,542.9,133237300,73.81
11/12/2012,554.15,554.5,538.65,542.83,128950500,73.8
11/9/2012,540.42,554.88,533.72,547.06,232478400,74.37
11/8/2012,560.63,562.23,535.29,537.75,264036500,73.11
11/7/2012,573.84,574.54,555.75,558,198412200,75.86
11/6/2012,590.23,590.74,580.09,582.85,93729300,78.88
11/5/2012,583.52,587.77,577.6,584.62,132283900,79.12
11/2/2012,595.89,596.95,574.75,576.8,149843400,78.06
11/1/2012,598.22,603,594.17,596.54,90324500,80.73
10/31/2012,594.88,601.96,587.7,595.32,127500800,80.56
10/26/2012,609.43,614,591,604,254608200,81.74
10/25/2012,620,622,605.55,609.54,164081400,82.49
10/24/2012,621.44,626.55,610.64,616.83,139631800,83.48
10/23/2012,631,633.9,611.7,613.36,176786400,83.01
10/22/2012,612.42,635.38,610.76,634.03,136682700,85.8
10/19/2012,631.05,631.77,609.62,609.84,186021500,82.53
10/18/2012,639.59,642.06,630,632.64,119156100,85.61
10/17/2012,648.87,652.79,644,644.61,97259400,87.23
10/16/2012,635.37,650.3,631,649.79,137442900,87.94
10/15/2012,632.35,635.13,623.85,634.76,108125500,85.9
10/12/2012,629.56,635.38,625.3,629.71,115003700,85.22
10/11/2012,646.5,647.2,628.1,628.1,136520300,85
10/10/2012,639.74,644.98,637,640.91,127589000,86.73
10/9/2012,638.65,640.49,623.55,635.85,209649300,86.05
10/8/2012,646.88,647.56,636.11,638.17,159498500,86.36
10/5/2012,665.2,666,651.28,652.59,148501500,88.31
10/4/2012,671.25,674.25,665.55,666.8,92681400,90.24
10/3/2012,664.86,671.86,662.63,671.45,106070300,90.87
10/2/2012,661.81,666.35,650.65,661.31,156998100,89.49
10/1/2012,671.16,676.75,656.5,659.39,135898700,89.23
9/28/2012,678.75,681.11,666.75,667.1,133777700,90.28
9/27/2012,664.29,682.17,660.35,681.32,148522500,92.2
9/26/2012,668.74,672.69,661.2,665.18,144125800,90.02
9/25/2012,688.26,692.78,673,673.54,129697400,91.15
9/24/2012,686.86,695.12,683,690.79,159941600,93.48
9/21/2012,702.41,705.07,699.36,700.09,142897300,94.74
9/20/2012,699.16,700.06,693.62,698.7,84142100,94.55
9/19/2012,700.26,703.99,699.57,702.1,81718700,95.01
9/18/2012,699.88,702.33,696.42,701.91,93375800,94.99
9/17/2012,699.35,699.8,694.61,699.78,99507800,94.7
9/14/2012,689.96,696.98,687.89,691.28,150118500,93.55
9/13/2012,677.37,685.5,674.77,682.98,149590000,92.43
9/12/2012,666.85,669.9,656,669.79,178058300,90.64
9/11/2012,665.11,670.1,656.5,660.59,125995800,89.4
9/10/2012,680.45,683.29,662.1,662.74,121999500,89.69
9/7/2012,678.05,682.48,675.77,680.44,82416600,92.08
9/6/2012,673.17,678.29,670.8,676.27,97799100,91.52
9/5/2012,675.57,676.35,669.6,670.23,84093800,90.7
9/4/2012,665.76,675.14,664.5,674.97,91973000,91.34
8/31/2012,667.25,668.6,657.25,665.24,84580300,90.03
8/30/2012,670.64,671.55,662.85,663.87,75674900,89.84
8/29/2012,675.25,677.67,672.6,673.47,50701700,91.14
8/28/2012,674.98,676.1,670.67,674.8,66854200,91.32
8/27/2012,679.99,680.87,673.54,675.68,106752100,91.44
8/24/2012,659.51,669.48,655.55,663.22,109335100,89.75
8/23/2012,666.11,669.9,661.15,662.63,105032200,89.67
8/22/2012,654.42,669,648.11,668.87,141330700,90.52
8/21/2012,670.82,674.88,650.33,656.06,203179900,88.78
8/20/2012,650.01,665.15,649.9,665.15,153346200,90.01
8/17/2012,640,648.19,638.81,648.11,110690300,87.71
8/16/2012,631.21,636.76,630.5,636.34,63633500,86.12
8/15/2012,631.3,634,627.75,630.83,64335600,85.37
8/14/2012,631.87,638.61,630.21,631.69,85042300,85.49
8/13/2012,623.39,630,623.25,630,69708100,85.26
8/10/2012,618.71,621.76,618.7,621.7,48734700,84.13
8/9/2012,617.85,621.73,617.8,620.73,55410600,84
8/8/2012,619.39,623.88,617.1,619.86,61176500,83.53
8/7/2012,622.77,625,618.04,620.91,72611700,83.67
8/6/2012,617.29,624.87,615.26,622.55,75525800,83.89
8/3/2012,613.63,617.98,611.56,615.7,86230200,82.97
8/2/2012,602.84,610.69,600.25,607.79,83039600,81.9
8/1/2012,615.91,616.4,603,606.81,96125400,81.77
7/31/2012,603.23,611.7,602.72,610.76,115581900,82.3
7/30/2012,590.92,599.44,587.82,595.03,94785600,80.18
7/27/2012,575.01,585.83,571.59,585.16,100984100,78.85
7/26/2012,579.76,580.4,570.36,574.88,101658200,77.47
7/25/2012,574.46,580.8,570,574.97,219328200,77.48
7/24/2012,607.38,609.68,598.51,600.92,141283100,80.97
7/23/2012,594.4,605.9,587.71,603.83,121993900,81.37
7/20/2012,613.03,614.44,603.7,604.3,99367800,81.43
7/19/2012,611.28,615.35,606,614.32,109215400,82.78
7/18/2012,606.59,608.34,603.56,606.26,63175000,81.69
7/17/2012,610.79,611.5,603.15,606.94,73406200,81.79
7/16/2012,605.12,611.62,605.02,606.91,75315100,81.78
7/13/2012,602.95,607.19,600,604.97,77856800,81.52
7/12/2012,600.24,603.47,592.68,598.9,107010400,80.7
7/11/2012,606.12,607.66,597.22,604.43,117330500,81.45
7/10/2012,617.97,619.87,605.31,608.21,127989400,81.96
7/9/2012,605.3,613.9,604.11,613.89,94851400,82.72
7/6/2012,607.09,608.44,601.58,605.88,104732600,81.64
7/5/2012,600.56,614.34,599.65,609.94,121095800,82.19
7/3/2012,594.88,600,594,599.41,60428200,80.77
7/2/2012,584.73,593.47,583.6,592.52,100023000,79.84
6/29/2012,578,584,574.25,584,105375200,78.69
6/28/2012,571.67,574,565.61,569.05,70709100,76.68
6/27/2012,575,576.74,571.92,574.5,50749300,77.41
6/26/2012,571.33,574.49,567.33,572.03,69134100,77.08
6/25/2012,577.3,579.8,570.37,570.77,76095600,76.91
6/22/2012,579.04,582.19,575.42,582.1,71117900,78.44
6/21/2012,585.44,588.22,577.44,577.67,81587800,77.84
6/20/2012,588.21,589.25,580.8,585.74,89735800,78.93
6/19/2012,583.4,590,583.1,587.41,90351100,79.15
6/18/2012,570.96,587.89,570.37,585.78,110103000,78.93
6/15/2012,571,574.62,569.55,574.13,83813800,77.36
6/14/2012,571.24,573.5,567.26,571.53,86393300,77.01
6/13/2012,574.52,578.48,570.38,572.16,73395000,77.1
6/12/2012,574.46,576.62,566.7,576.16,108845100,77.64
6/11/2012,587.72,588.5,570.63,571.17,147816200,76.97
6/8/2012,571.6,580.58,569,580.32,86879100,78.2
6/7/2012,577.29,577.32,570.5,571.72,94941700,77.04
6/6/2012,567.77,573.85,565.5,571.46,100363900,77
6/5/2012,561.27,566.47,558.33,562.83,97053600,75.84
6/4/2012,561.5,567.5,548.5,564.29,139248900,76.04
6/1/2012,569.16,572.65,560.52,560.99,130246900,75.59
5/31/2012,580.74,581.5,571.46,577.73,122918600,77.85
5/30/2012,569.2,579.99,566.56,579.17,132357400,78.04
5/29/2012,570.9,574,565.31,572.27,95127200,77.11
5/25/2012,564.59,565.85,558.47,562.29,82126800,75.77
5/24/2012,575.87,576.5,561.23,565.32,124057500,76.18
5/23/2012,557.5,572.8,553.23,570.56,146224400,76.88
5/22/2012,569.55,573.88,552.58,556.97,173717600,75.05
5/21/2012,534.5,561.54,534.05,561.28,157776500,75.63
5/18/2012,533.96,543.41,522.18,530.38,183073100,71.47
5/17/2012,545.31,547.5,530.12,530.12,179305000,71.43
5/16/2012,554.05,556.89,541.04,546.08,140224000,73.58
5/15/2012,561.45,563.22,551.75,553.17,119084000,74.54
5/14/2012,562.57,567.51,557.6,558.22,88156600,75.22
5/11/2012,565,574.47,564.35,566.71,99886500,76.36
5/10/2012,574.58,575.88,568.44,570.52,83300000,76.88
5/9/2012,563.7,573.98,560.85,569.18,120176000,76.7
5/8/2012,569.58,571.5,558.73,568.18,124313000,76.56
5/7/2012,561.5,572.77,561.23,569.48,115029600,76.74
5/4/2012,577.08,578.36,565.17,565.25,132498100,76.17
5/3/2012,590.5,591.4,580.3,581.82,97637400,78.4
5/2/2012,580.24,587.4,578.86,585.98,106847300,78.96
5/1/2012,584.9,596.76,581.23,582.13,152749800,78.44
4/30/2012,597.8,598.4,583,583.98,126536200,78.69
4/27/2012,605.07,606.18,600.5,603,101680600,81.25
4/26/2012,614.27,614.69,602.13,607.7,134017100,81.89
4/25/2012,615.64,618,606,610,226444400,82.2
4/24/2012,562.61,567.69,555,560.28,269037300,75.5
4/23/2012,570.61,576.67,556.62,571.7,241632300,77.04
4/20/2012,591.38,594.62,570.42,572.98,257746300,77.21
4/19/2012,600.22,604.73,584.52,587.44,208679800,79.16
4/18/2012,613.72,620.25,602.71,608.34,238632800,81.97
4/17/2012,578.94,610,571.91,609.7,256382000,82.16
4/16/2012,610.06,610.28,578.25,580.13,262696700,78.17
4/13/2012,624.11,624.7,603.51,605.23,214911200,81.56
4/12/2012,625,631.33,620.5,622.77,153584200,83.92
4/11/2012,636.2,636.87,623.34,626.2,174153700,84.38
4/10/2012,639.93,644,626,628.44,222431300,84.68
4/9/2012,626.13,639.84,625.3,636.23,149384200,85.73
4/5/2012,626.98,634.66,623.4,633.68,160324500,85.39
4/4/2012,624.35,625.86,617,624.31,143245200,84.13
4/3/2012,627.3,632.21,622.51,629.32,208639900,84.8
4/2/2012,601.83,618.77,600.38,618.63,149587900,83.36
3/30/2012,608.77,610.56,597.94,599.55,182759500,80.79
3/29/2012,612.78,616.56,607.23,609.86,152059600,82.18
3/28/2012,618.38,621.45,610.31,617.62,163865100,83.22
3/27/2012,606.18,616.28,606.06,614.48,151782400,82.8
3/26/2012,599.79,607.15,595.26,606.98,148935500,81.79
3/23/2012,600.49,601.8,594.4,596.05,107622200,80.32
3/22/2012,597.78,604.5,595.53,599.34,155967700,80.76
3/21/2012,602.74,609.65,601.41,602.5,161010500,81.19
3/20/2012,599.51,606.9,591.48,605.96,204165500,81.65
3/19/2012,598.37,601.77,589.05,601.1,225309000,81
3/16/2012,584.72,589.2,578,585.57,206371900,78.91
3/15/2012,599.61,600.01,578.55,585.56,289929500,78.9
3/14/2012,578.05,594.72,575.4,589.58,354711000,79.45
3/13/2012,557.54,568.18,555.75,568.1,172713800,76.55
3/12/2012,548.98,552,547,552,101820600,74.38
3/9/2012,544.21,547.74,543.11,545.17,104729800,73.46
3/8/2012,534.69,542.99,532.12,541.99,129114300,73.03
3/7/2012,536.8,537.78,523.3,530.69,199630200,71.51
3/6/2012,523.66,533.69,516.22,530.26,202559700,71.45
3/5/2012,545.42,547.48,526,533.16,202281100,71.84
3/2/2012,544.24,546.8,542.52,545.18,107928100,73.46
3/1/2012,548.17,548.21,538.77,544.47,170817500,73.37
2/29/2012,541.56,547.61,535.7,542.44,238002800,73.09
2/28/2012,527.96,535.41,525.85,535.41,150096800,72.15
2/27/2012,521.31,528.5,516.28,525.76,136895500,70.85
2/24/2012,519.67,522.9,518.64,522.41,103768000,70.4
2/23/2012,515.08,517.83,509.5,516.39,142006900,69.58
2/22/2012,513.08,515.49,509.07,513.04,120825600,69.13
2/21/2012,506.88,514.85,504.12,514.85,151398800,69.38
2/17/2012,503.11,507.77,500.3,502.12,133951300,67.66
2/16/2012,491.5,504.89,486.63,502.21,236138000,67.67
2/15/2012,514.26,526.29,496.89,497.67,376530000,67.06
2/14/2012,504.66,509.56,502,509.46,115099600,68.65
2/13/2012,499.53,503.83,497.09,502.6,129304000,67.73
2/10/2012,490.96,497.62,488.55,493.42,157825500,66.49
2/9/2012,480.76,496.75,480.56,493.17,221053700,66.46
2/8/2012,470.5,476.79,469.7,476.68,101972500,64.23
2/7/2012,465.25,469.75,464.58,468.83,79055900,63.18
2/6/2012,458.38,464.98,458.2,463.97,62353200,62.52
2/3/2012,457.3,460,455.56,459.68,71649900,61.94
2/2/2012,455.9,457.17,453.98,455.12,46699100,61.33
2/1/2012,458.41,458.99,455.55,456.19,67511500,61.47
1/31/2012,455.59,458.24,453.07,456.48,97920900,61.51
1/30/2012,445.71,453.9,445.39,453.01,94835300,61.04
1/27/2012,444.34,448.48,443.77,447.28,74927300,60.27
1/26/2012,448.36,448.79,443.14,444.63,80996300,59.91
1/25/2012,454.44,454.45,443.73,446.66,239578500,60.19
1/24/2012,425.1,425.1,419.55,420.41,136909500,56.65
1/23/2012,422.67,428.45,422.3,427.41,76515600,57.59
1/20/2012,427.49,427.5,419.75,420.3,103493600,56.64
1/19/2012,430.15,431.37,426.51,427.75,65434600,57.64
1/18/2012,426.96,429.47,426.3,429.11,69197800,57.82
1/17/2012,424.2,425.99,422.96,424.7,60724300,57.23
1/13/2012,419.7,420.45,418.66,419.81,56505400,56.57
1/12/2012,422.28,422.9,418.75,421.39,53146800,56.78
1/11/2012,422.68,422.85,419.31,422.55,53771200,56.94
1/10/2012,425.91,426,421.5,423.24,64549100,57.03
1/9/2012,425.5,427.75,421.35,421.73,98506100,56.83
1/6/2012,419.77,422.75,419.22,422.4,79573200,56.92
1/5/2012,414.95,418.55,412.67,418.03,67817400,56.33
1/4/2012,410,414.68,409.28,413.44,65005500,55.71
1/3/2012,409.4,412.5,409,411.23,75555200,55.41
